{"train": [9.477891196720643, 7.901123251526904, 7.570406032632592, 7.351169246827006, 7.189853498532174, 7.047891662651143, 6.942181757707314, 6.847017495863773, 6.748870623016542, 6.691183912661133], "val": [8.25973554905541, 7.974889940904052, 7.839073539633519, 7.6533134976812445, 7.515444143338684, 7.4606537770354056, 7.368376734988789, 7.349978419409594, 7.262327626660733, 7.273138221963559]}