{"train": [10.071620604465789, 9.065633949030369, 8.628933136359173, 8.314500079885867, 8.072831193251242, 7.8552817736589775, 7.667106884137225, 7.483056476394394, 7.352912455544781, 7.216697391242171], "val": [9.587068599184663, 9.282043806026648, 9.144103548518922, 9.101937077178555, 9.126160995803989, 9.122397774563202, 9.157715105475045, 9.111744100099916, 9.155186449567312, 9.292889320232685]}